selection,unit,onset,duration,pitch,staff,voice,bar,measure_position
webern_27,1,0.25,0.5,65,1,,1,0.25
webern_27,1,0.25,0.5,76,1,,1,0.25
webern_27,1,1.0,0.25,73,1,,2,0.25
webern_27,1,1.75,0.25,63,1,,3,0.25
webern_27,1,2.0,0.25,60,1,,3,0.5
webern_27,1,2.0,0.25,74,1,,3,0.5
webern_27,1,3.0,0.25,60,1,,5,0.0
webern_27,1,3.0,0.25,74,1,,5,0.0
webern_27,1,3.25,0.25,63,1,,5,0.25
webern_27,1,4.0,0.5,73,1,,6,0.25
webern_27,1,4.75,0.25,65,1,,7,0.25
webern_27,1,4.75,0.25,76,1,,7,0.25
webern_27,1,5.25,0.25,66,1,,8,0.0
webern_27,1,5.25,0.25,77,1,,8,0.0
webern_27,1,5.5,0.25,81,1,,8,0.25
webern_27,1,6.0,0.25,62,1,,9,0.0
webern_27,1,6.0,0.25,68,1,,9,0.0
webern_27,1,6.0,0.25,73,1,,9,0.0
webern_27,1,6.25,0.25,70,1,,9,0.25
webern_27,1,7.0,0.25,81,1,,10,0.25
webern_27,1,7.25,0.25,66,1,,10,0.5
webern_27,1,7.25,0.25,77,1,,10,0.5
webern_27,1,7.75,0.25,83,1,,11,0.25
webern_27,1,8.0,0.25,66,1,,11,0.5
webern_27,1,8.0,0.25,79,1,,11,0.5
webern_27,1,8.5,0.25,57,1,,12,0.25
webern_27,1,8.5,0.25,70,1,,12,0.25
webern_27,1,8.75,0.25,68,1,,12,0.5
webern_27,1,9.25,0.25,60,1,,13,0.25
webern_27,1,9.25,0.25,74,1,,13,0.25
webern_27,1,9.5,0.25,63,1,,13,0.5
webern_27,1,10.0,0.25,73,1,,14,0.25
webern_27,1,10.25,0.25,65,1,,14,0.5
webern_27,1,10.25,0.25,76,1,,14,0.5
webern_27,1,0.5,0.25,59,2,,1,0.5
webern_27,1,0.75,0.25,54,2,,2,0.0
webern_27,1,0.75,0.25,67,2,,2,0.0
webern_27,1,1.5,0.5,45,2,,3,0.0
webern_27,1,1.5,0.5,58,2,,3,0.0
webern_27,1,2.25,0.25,68,2,,4,0.0
webern_27,1,2.75,0.25,68,2,,4,0.5
webern_27,1,3.0,0.25,68,2,,5,0.0
webern_27,1,3.5,0.25,45,2,,5,0.5
webern_27,1,3.5,0.25,58,2,,5,0.5
webern_27,1,4.25,0.25,54,2,,6,0.5
webern_27,1,4.25,0.25,67,2,,6,0.5
webern_27,1,4.5,0.25,59,2,,7,0.0
webern_27,1,5.5,0.25,52,2,,8,0.25
webern_27,1,5.5,0.25,63,2,,8,0.25
webern_27,1,5.75,0.25,48,2,,8,0.5
webern_27,1,6.25,0.25,56,2,,9,0.25
webern_27,1,6.25,0.25,62,2,,9,0.25
webern_27,1,6.25,0.25,67,2,,9,0.25
webern_27,1,6.5,0.25,73,2,,9,0.5
webern_27,1,6.75,0.25,48,2,,10,0.0
webern_27,1,7.0,0.25,52,2,,10,0.25
webern_27,1,7.0,0.25,63,2,,10,0.25
webern_27,1,8.0,0.25,53,2,,11,0.5
webern_27,1,8.0,0.25,64,2,,11,0.5
webern_27,1,8.25,0.25,61,2,,12,0.0
webern_27,1,8.75,0.25,63,2,,12,0.5
webern_27,1,9.0,0.25,60,2,,13,0.0
webern_27,1,9.0,0.25,74,2,,13,0.0
webern_27,1,9.5,0.25,68,2,,13,0.5
webern_27,1,9.75,0.25,58,2,,14,0.0
webern_27,1,9.75,0.25,69,2,,14,0.0
webern_27,1,10.25,0.25,43,2,,14,0.5
webern_27,1,10.25,0.25,54,2,,14,0.5
webern_27,2,0.5,0.5,56,1,,0,0.5
webern_27,2,2.0,0.5,69,1,,1,1.0
webern_27,2,3.5,1.0,77,1,,2,0.5
webern_27,2,5.0,0.5,88,1,,3,0.0
webern_27,2,7.0,0.5,61,1,,4,0.0
webern_27,2,7.0,0.5,66,1,,4,0.0
webern_27,2,7.0,0.5,72,1,,4,0.0
webern_27,2,8.5,0.5,50,1,,4,1.5
webern_27,2,9.5,0.5,56,1,,5,0.5
webern_27,2,10.5,0.5,91,1,,5,1.5
webern_27,2,12.5,0.5,88,1,,6,1.5
webern_27,2,14.0,1.0,72,1,,7,1.0
webern_27,2,15.5,0.5,83,1,,8,0.5
webern_27,2,16.5,0.5,71,1,,8,1.5
webern_27,2,16.5,0.5,77,1,,8,1.5
webern_27,2,16.5,0.5,82,1,,8,1.5
webern_27,2,0.0,0.5,82,2,,0,0.0
webern_27,2,1.5,0.5,69,2,,1,0.5
webern_27,2,3.0,1.0,61,2,,2,0.0
webern_27,2,4.5,0.5,50,2,,2,1.5
webern_27,2,6.5,0.5,66,2,,3,1.5
webern_27,2,6.5,0.5,72,2,,3,1.5
webern_27,2,6.5,0.5,77,2,,3,1.5
webern_27,2,8.0,0.5,88,2,,4,1.0
webern_27,2,10.0,0.5,82,2,,5,1.0
webern_27,2,11.0,0.5,47,2,,6,0.0
webern_27,2,12.0,0.5,50,2,,6,1.0
webern_27,2,13.5,1.0,66,2,,7,0.5
webern_27,2,15.0,0.5,55,2,,8,0.0
webern_27,3,1.0,4.0,75,1,,1,1.0
webern_27,3,6.0,4.0,62,1,,2,0.0
webern_27,3,12.0,1.0,60,1,,3,0.0
webern_27,3,13.0,3.0,66,1,,3,1.0
webern_27,3,16.0,2.0,55,1,,3,4.0
webern_27,3,23.0,1.0,57,1,,4,5.0
webern_27,3,24.0,1.0,68,1,,5,0.0
webern_27,3,30.0,1.0,55,1,,6,0.0
webern_27,3,31.0,1.0,68,1,,6,1.0
webern_27,3,37.0,1.0,89,1,,7,1.0
webern_27,3,40.0,2.0,62,1,,7,4.0
webern_27,3,47.0,1.0,73,1,,8,5.0
webern_27,3,4.0,1.0,59,2,,1,4.0
webern_27,3,5.0,1.0,70,2,,1,5.0
webern_27,3,11.0,1.0,37,2,,2,5.0
webern_27,3,14.0,2.0,52,2,,3,2.0
webern_27,3,21.0,3.0,89,2,,4,3.0
webern_27,3,27.0,3.0,63,2,,5,3.0
webern_27,3,30.0,1.0,63,2,,6,0.0
webern_27,3,32.0,4.0,76,2,,6,2.0
webern_27,3,38.0,1.0,42,2,,7,2.0
webern_27,3,39.0,3.0,48,2,,7,3.0
webern_27,3,42.0,2.0,59,2,,8,0.0
