id,H,R,coverage,X,X_min,X_max,M,Y,Y_min,Y_max,M_span_0.5,M_span_1,M_span_2,M_span_4
bach,0.07370078740157475,0.14119730811447612,0.9921875,89.04218143414367,83.36967290078948,89.4995901608744,0.1331183984134773,87.5361444566784,80.12082151867394,94.35672122930387,0.221634421640022,0.16223750912651,0.05808767951625094,0.09051398337112622
rameau,0.1759701492537314,0.26016359443939807,0.9852941176470589,77.56768875093769,76.05769783005391,84.1414407858243,0.5587124578731971,57.19449932501186,43.562555552901244,77.40604372998733,0.38564449689682895,0.7621277882996633,0.8309722222222222,0.256105324074074
scarlatti,0.1369531250000001,0.08826362248489894,1.0,84.9224064467466,80.8361311940051,85.59460158550176,0.5888649280299971,55.495684332718,42.4276219786911,69.0094266458809,0.37092707266598396,0.5335232788231781,0.5936387865331318,0.8573705740976946
mozart_turkish,0.31582089552238807,0.143353093335517,0.9852941176470589,69.84953038340977,60.809003308092535,85.65270650726873,0.26460630058065415,76.75080579788504,73.48332092017391,81.35472706177153,0.30811173177709633,0.2853162719080688,0.20635124630660343,0.25864595233084814
mozart_545,0.20535156250000003,0.1702509575902768,1.0,77.38115969800221,67.21977612487883,86.24261489953486,0.4228827633725172,65.51554368235045,56.98216940637724,78.88665061180475,0.34491970449071707,0.5624317845230984,0.5470213982583775,0.237158166217876
beethoven_moon,0.10149739583333353,0.18394103664022246,1.0,85.49778585397775,80.38873937659457,85.49778585397775,0.14375098157733704,86.61033969095838,79.77336215040029,92.36474435094819,0.1294138108789579,0.07942483479436509,0.14018473573843115,0.22598054489759403
beethoven_elise,0.14862244897959184,0.21933252529088187,0.98,80.70075891809677,67.01570780362933,88.65086340986984,0.6045165761359714,54.63384758677895,47.583934369458895,68.67340864365906,0.7426749949677939,0.6821473665223665,0.6174358164983166,0.37580812655540907
schubert,0.09544642857142878,0.16743807070734387,1.0,86.44361366219879,81.77840093312074,88.84041773174737,0.13791056708238603,87.1176600127066,83.33722985734978,88.77183495806344,0.11910076019592739,0.11952460748733718,0.1307421010473876,0.18227479959889192
mendelssohn,0.11583333333333336,0.26731567299728315,0.9795918367346939,82.19891896970917,75.77133125672253,84.01022386011007,0.3693650162233231,69.1173075014342,64.04505229074769,76.69284999680043,0.44558340823647224,0.4330905293880837,0.265361702340869,0.3334244249278676
schumann,0.19750000000000004,0.1630629375411068,0.9696969696969697,78.15947609459056,70.73881186102695,89.79055246597444,0.2960767949906118,74.37303110648037,65.71434477680901,83.33044957007041,0.18235616255188197,0.2590940938275605,0.3230039767998655,0.41985294678313934
chopin,0.27114583333333325,0.12080928420732451,0.9896907216494846,73.53647689473321,60.58578738763424,86.80234101060074,0.39080436440121447,67.65124930206127,55.12541169314077,78.88595178728369,0.5955593838926743,0.4263440349544073,0.30414701391032295,0.23716702484745344
liszt,0.1274473684210526,0.13188014924714886,0.9895833333333333,84.61899535509615,84.30453853945889,86.16626049349517,0.2623215905667635,76.92635960086703,75.72180703137018,78.23515478658229,0.27074841666306043,0.254982860569743,0.2781039952807724,0.24545108975347824
brahms,0.19677142857142849,0.13995541668536243,1.0,78.76054176355989,65.13947953537847,86.77752434366295,0.36431842257841857,69.46699609217514,68.02855876375529,72.52725801395442,0.3212077221811845,0.37797114193173975,0.3852425871597335,0.3728522390410165
grieg,0.11193717277486896,0.1927353875356526,0.9947916666666666,84.38691862145537,80.0951506012767,87.19208171558098,0.4299616569922685,65.05340376767558,59.45200514028711,71.9710646388406,0.32890602776355465,0.4947109333515862,0.5200008352403164,0.376228831613617
debussy_clair,0.27947434607645866,0.20721820971364457,0.9861111111111112,71.06041118310465,63.05429563742545,85.13488331225966,0.09536980066361313,90.90367099254544,83.9603129139258,95.68905898522692,0.044066220238095234,0.06436972358387799,0.09821729473039215,0.17482596410208714
debussy_arab,0.11053947368421056,0.17929172345717317,0.9895833333333333,84.84645364842687,83.20920809763405,85.6042350490084,0.5200460022645222,59.44931993077377,54.217467003948414,66.48124050603359,0.4082503757769408,0.6100733430441225,0.6121670600145919,0.4496932302224338
satie_gym,0.14547619047619048,0.13375007352066795,0.875,83.06047637148795,78.67983438840535,88.69094628984377,0.4352683340699547,64.70910072160505,51.8868973980575,78.6033885098449,0.5099746928977675,0.6561038863008971,0.3342393804112554,0.24075537666989874
bartok,0.46554687499999997,0.15717488655150916,1.0,59.887682226764625,53.55726822165025,68.23805692923216,0.4003418565262958,67.00909319175047,56.814574004199955,85.82916440090041,0.5653773085921944,0.4929518022486771,0.39022698944573947,0.15281132581857218
ravel_jeux,0.5600759991496597,0.11147439925586936,1.0,55.238041142609006,43.41956065260813,83.07280042327287,0.3828451622976008,68.19184778023386,63.00579276887161,78.23459210023216,0.41533207246821247,0.4086467795871618,0.24545828202369419,0.46194351511133463
schoenberg_19_6,0.7567655249234199,0.13914501985653452,0.863636363636364,44.999939940222696,42.486909614455776,46.6385368709542,0.2869144524951738,75.05759359891545,66.91118376690505,87.24698540262361,0.1364271767617915,0.2576543029129235,0.4018040614218275,0.35177226888415253
scriabin_59_2,0.610238095238095,0.21775796737755557,1.0,50.88685814513261,48.45095872071122,52.58235922102773,0.5482203041002907,57.79775198262455,50.12010360167635,77.7587107374738,0.5932508295315482,0.6907479888898074,0.6573227919842504,0.25155960599555693
casella_31,0.6900833271264709,0.2975256815143368,0.9624137931034482,45.884979748627,39.65584427649131,61.88266701627812,0.5854114266480754,56.03517469397289,39.087367186901446,74.20998184504288,0.301836536458139,0.4635442129594555,0.6056330912683302,0.9706318659063771
szymanowski_1,0.41246198276064827,0.18610752938196728,0.9890991118669691,63.11665516260834,51.77128705604278,81.72647885076194,0.3107592106753943,73.72447344332687,67.26557758501492,81.75951882521225,0.27822087845959953,0.31823938868843127,0.30731564575745635,0.33926092979609024
berg_1,0.6574469589816123,0.14910062321271864,0.9711538461538461,49.55053411554201,36.77636694414125,73.36982459544298,0.3901936282100414,67.69257898787092,51.93611666835303,82.92964174691521,0.187177627479864,0.27745405469418055,0.4409870823946448,0.6551557482714763
webern_27,0.5315965608465608,0.12461309343448257,0.5807364612511672,59.53805035523083,49.84492144802797,67.6052683014919,0.9904295308170554,40.81883967734299,23.690538508733244,69.24834954238726,1.128178369882098,1.16492003074693,0.8215393536238156,0.8470803690153782
